"symbol","model","eval_set","rmse","rsq","last_refreshed"
"1INCH","lm","holdout",0.463035430535208,0.20166977653949,"2023-08-06 01:21:07"
"1INCH","lm","test",1.42396502282422,0.122073768651591,"2023-08-06 01:21:07"
"1INCH","nnet","holdout",0.503513753416408,0.126095565368187,"2023-08-06 01:21:07"
"1INCH","nnet","test",1.27274018368122,0.171258145513645,"2023-08-06 01:21:07"
"1INCH","pcr","holdout",0.439938146075386,0.286374981483363,"2023-08-06 01:21:07"
"1INCH","pcr","test",1.02278979236976,0.145906174632414,"2023-08-06 01:21:07"
"1INCH","rf","holdout",0.991154474932499,0.0168869995117801,"2023-08-06 01:21:07"
"1INCH","rf","test",1.05532624745501,0.156369820979037,"2023-08-06 01:21:07"
"1INCH","xgb","holdout",0.955133225398374,0.00773635018442895,"2023-08-06 01:21:07"
"1INCH","xgb","test",1.87198167634966,0.0471950286035796,"2023-08-06 01:21:07"
"ADA","lm","holdout",0.705578783467924,0.0217471350643488,"2023-08-06 01:21:07"
"ADA","lm","test",0.630001514458114,0.458290684255944,"2023-08-06 01:21:07"
"ADA","nnet","holdout",0.639130110387324,0.00351528819422615,"2023-08-06 01:21:07"
"ADA","nnet","test",0.821519474279712,0.148592856745798,"2023-08-06 01:21:07"
"ADA","pcr","holdout",0.357010199382125,0.0672065490742647,"2023-08-06 01:21:07"
"ADA","pcr","test",0.692065523432178,0.219049743888906,"2023-08-06 01:21:07"
"ADA","rf","holdout",1.83546691144195,0.0148262563145093,"2023-08-06 01:21:07"
"ADA","rf","test",1.21942261255549,0.00694859828541568,"2023-08-06 01:21:07"
"ADA","xgb","holdout",0.699628184965651,0.0129980482453391,"2023-08-06 01:21:07"
"ADA","xgb","test",1.15938481971214,0.131564689353259,"2023-08-06 01:21:07"
"AGIX","lm","holdout",1.12405767801663,0.346619196576293,"2023-08-06 01:21:07"
"AGIX","lm","test",0.893474242443201,0.315175353367493,"2023-08-06 01:21:07"
"AGIX","nnet","holdout",0.819353081314143,0.491060012544256,"2023-08-06 01:21:07"
"AGIX","nnet","test",1.12162167501652,0.0490516528096069,"2023-08-06 01:21:07"
"AGIX","pcr","holdout",1.14595713180649,0.42402653496226,"2023-08-06 01:21:07"
"AGIX","pcr","test",0.970513108820698,0.0493535121213403,"2023-08-06 01:21:07"
"AGIX","rf","holdout",1.15450735351452,0.461048261842347,"2023-08-06 01:21:07"
"AGIX","rf","test",1.37086567857226,0.0156569453843037,"2023-08-06 01:21:07"
"AGIX","xgb","holdout",2.07713252040723,0.00336565260177971,"2023-08-06 01:21:07"
"AGIX","xgb","test",1.29565209804317,0.0534494999168279,"2023-08-06 01:21:07"
"ANKR","lm","holdout",0.82967371752552,0.0163816197849993,"2023-08-06 01:21:07"
"ANKR","lm","test",1.03632872590102,0.432649230082757,"2023-08-06 01:21:07"
"ANKR","nnet","holdout",1.02126125360091,0.0207586396354642,"2023-08-06 01:21:07"
"ANKR","nnet","test",1.46604442672892,0.171600336132545,"2023-08-06 01:21:07"
"ANKR","pcr","holdout",0.383877078456259,0.000138193592681322,"2023-08-06 01:21:07"
"ANKR","pcr","test",0.830860660663493,0.360895955935348,"2023-08-06 01:21:07"
"ANKR","rf","holdout",0.664556370220154,0.0404665708042658,"2023-08-06 01:21:07"
"ANKR","rf","test",0.986331748825175,0.164277629409473,"2023-08-06 01:21:07"
"ANKR","xgb","holdout",1.7540232806044,0.00414097754338153,"2023-08-06 01:21:07"
"ANKR","xgb","test",1.27409200479209,0.109207934589062,"2023-08-06 01:21:07"
"ANT","lm","holdout",0.510762078744026,0.843709506759169,"2023-08-06 01:21:07"
"ANT","lm","test",0.701501340995166,0.462260360625844,"2023-08-06 01:21:07"
"ANT","nnet","holdout",1.69406729112213,0.781749902295565,"2023-08-06 01:21:07"
"ANT","nnet","test",1.50031145894818,0.131684165033897,"2023-08-06 01:21:07"
"ANT","pcr","holdout",0.544446632686431,0.841843020311405,"2023-08-06 01:21:07"
"ANT","pcr","test",0.845719252790021,0.255628108070011,"2023-08-06 01:21:07"
"ANT","rf","holdout",1.02748060517651,0.59841946220442,"2023-08-06 01:21:07"
"ANT","rf","test",1.45286609786124,0.0687480778804294,"2023-08-06 01:21:07"
"ANT","xgb","holdout",1.8568663320388,0.318562225534396,"2023-08-06 01:21:07"
"ANT","xgb","test",1.69807777831288,0.0231023014664855,"2023-08-06 01:21:07"
"APFC","lm","holdout",1.08403444345643,0.218835408776726,"2023-08-06 01:21:07"
"APFC","lm","test",1.75097171164186,0.387649738377433,"2023-08-06 01:21:07"
"APFC","nnet","holdout",1.10788601287359,0.808257925081075,"2023-08-06 01:21:07"
"APFC","nnet","test",2.07238578390212,0.224611584745822,"2023-08-06 01:21:07"
"APFC","pcr","holdout",0.888871825831375,0.832078228844348,"2023-08-06 01:21:07"
"APFC","pcr","test",1.18500827712998,0.380031078901453,"2023-08-06 01:21:07"
"APFC","rf","holdout",1.21811366845553,0.00629317233837531,"2023-08-06 01:21:07"
"APFC","rf","test",1.82886744549854,0.141532636017321,"2023-08-06 01:21:07"
"APFC","xgb","holdout",1.1476932378232,0.253836209896288,"2023-08-06 01:21:07"
"APFC","xgb","test",2.37110002349907,0.0238295758574173,"2023-08-06 01:21:07"
"APT","lm","holdout",0.424958991826113,0.031081247271268,"2023-08-06 01:21:07"
"APT","lm","test",1.46860044373521,0.249377238599339,"2023-08-06 01:21:07"
"APT","nnet","holdout",1.19849531413358,0.242922201291022,"2023-08-06 01:21:07"
"APT","nnet","test",1.30297709858585,0.0858540838793114,"2023-08-06 01:21:07"
"APT","pcr","holdout",0.557611511408192,0.238707277385288,"2023-08-06 01:21:07"
"APT","pcr","test",0.890874206785894,0.106071044834795,"2023-08-06 01:21:07"
"APT","rf","holdout",0.388336743227304,0.104460223633223,"2023-08-06 01:21:07"
"APT","rf","test",0.94283865798446,0.0945454617654976,"2023-08-06 01:21:07"
"APT","xgb","holdout",0.398409264659237,0.107153564999231,"2023-08-06 01:21:07"
"APT","xgb","test",1.13061414431913,0.0223658238918645,"2023-08-06 01:21:07"
"ARB","lm","holdout",0.367890762634426,0.148412175749364,"2023-08-06 01:21:07"
"ARB","lm","test",0.748477705538315,0.485336240962747,"2023-08-06 01:21:07"
"ARB","nnet","holdout",0.868747771081428,0.0623159836582496,"2023-08-06 01:21:07"
"ARB","nnet","test",1.27459027746638,0.102978892172501,"2023-08-06 01:21:07"
"ARB","pcr","holdout",0.373924078557007,0.101718680903345,"2023-08-06 01:21:07"
"ARB","pcr","test",0.820524983812625,0.172268506561789,"2023-08-06 01:21:07"
"ARB","rf","holdout",0.855797236147186,0.000678402265461657,"2023-08-06 01:21:07"
"ARB","rf","test",1.05558668106423,0.137406429466636,"2023-08-06 01:21:07"
"ARB","xgb","holdout",0.765613048846597,0.0178728879452453,"2023-08-06 01:21:07"
"ARB","xgb","test",1.17159294042336,0.0470611366281744,"2023-08-06 01:21:07"
"ATOM","lm","holdout",0.317950018241842,0.585532897643874,"2023-08-06 01:21:07"
"ATOM","lm","test",0.594200311354322,0.395213087245715,"2023-08-06 01:21:07"
"ATOM","nnet","holdout",1.54015627146774,0.117724339568574,"2023-08-06 01:21:07"
"ATOM","nnet","test",1.31230742611463,0.0925408005765963,"2023-08-06 01:21:07"
"ATOM","pcr","holdout",0.398505851653415,0.23662929955696,"2023-08-06 01:21:07"
"ATOM","pcr","test",0.57007453980701,0.207375346748204,"2023-08-06 01:21:07"
"ATOM","rf","holdout",0.492934306383678,0.126518480946389,"2023-08-06 01:21:07"
"ATOM","rf","test",0.864103851500439,0.107658363032586,"2023-08-06 01:21:07"
"ATOM","xgb","holdout",0.477437775892667,0.146657983921033,"2023-08-06 01:21:07"
"ATOM","xgb","test",1.03721244789759,0.0570473272018784,"2023-08-06 01:21:07"
"AVA","lm","holdout",0.351977651898876,0.371749579695984,"2023-08-06 01:21:07"
"AVA","lm","test",0.796609770393283,0.277207930509303,"2023-08-06 01:21:07"
"AVA","nnet","holdout",0.603293338308749,0.184425578745673,"2023-08-06 01:21:07"
"AVA","nnet","test",0.784417795891357,0.109918981152546,"2023-08-06 01:21:07"
"AVA","pcr","holdout",0.363381446423214,0.317153881914897,"2023-08-06 01:21:07"
"AVA","pcr","test",0.623973560945547,0.150904373407615,"2023-08-06 01:21:07"
"AVA","rf","holdout",0.465679750053962,0.141346992784158,"2023-08-06 01:21:07"
"AVA","rf","test",0.798910118402703,0.0896650621846092,"2023-08-06 01:21:07"
"AVA","xgb","holdout",1.64712741915427,0.040771245950353,"2023-08-06 01:21:07"
"AVA","xgb","test",1.02856884371774,0.0489602008940218,"2023-08-06 01:21:07"
"BAT","lm","holdout",0.505314461088107,0.592885506112088,"2023-08-06 01:21:07"
"BAT","lm","test",1.09679448326827,0.299019310317579,"2023-08-06 01:21:07"
"BAT","nnet","holdout",0.935875984318563,0.167308177616316,"2023-08-06 01:21:07"
"BAT","nnet","test",0.930062056395497,0.082933550125646,"2023-08-06 01:21:07"
"BAT","pcr","holdout",0.609895464496484,0.362580335528456,"2023-08-06 01:21:07"
"BAT","pcr","test",0.724522962488857,0.0893576217893207,"2023-08-06 01:21:07"
"BAT","rf","holdout",0.679186913383768,0.150169056250393,"2023-08-06 01:21:07"
"BAT","rf","test",1.07711054723442,0.120981954555503,"2023-08-06 01:21:07"
"BAT","xgb","holdout",1.40611429075043,0.0262937251791377,"2023-08-06 01:21:07"
"BAT","xgb","test",1.36010614070546,0.0395804707435002,"2023-08-06 01:21:07"
"BCUG","lm","holdout",0.281388931836828,0.673290218597734,"2023-08-06 01:21:07"
"BCUG","lm","test",0.915653543016367,0.812330248274956,"2023-08-06 01:21:07"
"BCUG","nnet","holdout",0.641932750581222,0.539598672463786,"2023-08-06 01:21:07"
"BCUG","nnet","test",0.894340025970566,0.417489764962563,"2023-08-06 01:21:07"
"BCUG","pcr","holdout",0.044591199264428,0.958747182267763,"2023-08-06 01:21:07"
"BCUG","pcr","test",0.266864991798312,0.676007330938742,"2023-08-06 01:21:07"
"BCUG","rf","holdout",0.273365555351281,0.00785131049012602,"2023-08-06 01:21:07"
"BCUG","rf","test",0.313753910546521,0.397185937818891,"2023-08-06 01:21:07"
"BCUG","xgb","holdout",0.26666509215063,0.089792842740272,"2023-08-06 01:21:07"
"BCUG","xgb","test",0.274456615736547,0.383639672928501,"2023-08-06 01:21:07"
"BNT","lm","holdout",1.78367437252716,0.815099414153044,"2023-08-06 01:21:07"
"BNT","lm","test",0.747612993300137,0.474362678974391,"2023-08-06 01:21:07"
"BNT","nnet","holdout",3.60486605947127,0.00258388842966115,"2023-08-06 01:21:07"
"BNT","nnet","test",0.811553239824756,0.162986925809871,"2023-08-06 01:21:07"
"BNT","pcr","holdout",3.1642014602639,0.197519936515733,"2023-08-06 01:21:07"
"BNT","pcr","test",0.638428984878838,0.250250112038454,"2023-08-06 01:21:07"
"BNT","rf","holdout",5.20332497885375,0.421398448988431,"2023-08-06 01:21:07"
"BNT","rf","test",1.11832218707668,0.0554758874409175,"2023-08-06 01:21:07"
"BNT","xgb","holdout",5.25611799891791,0.341389833569666,"2023-08-06 01:21:07"
"BNT","xgb","test",1.20558629305087,0.103278753104193,"2023-08-06 01:21:07"
"BSV","lm","holdout",0.772231626457576,0.0465262287297364,"2023-08-06 01:21:07"
"BSV","lm","test",2.95177320813878,0.263092957956471,"2023-08-06 01:21:07"
"BSV","nnet","holdout",1.18816205616393,0.00130315968728437,"2023-08-06 01:21:07"
"BSV","nnet","test",2.26649597812455,0.0984816728616158,"2023-08-06 01:21:07"
"BSV","pcr","holdout",0.592598309425177,0.0346353513400767,"2023-08-06 01:21:07"
"BSV","pcr","test",1.18809004567706,0.155421355317268,"2023-08-06 01:21:07"
"BSV","rf","holdout",1.51143405882199,0.00113746172664145,"2023-08-06 01:21:07"
"BSV","rf","test",1.25972747754231,0.125544929040202,"2023-08-06 01:21:07"
"BSV","xgb","holdout",1.64724005030106,0.0000649624714163947,"2023-08-06 01:21:07"
"BSV","xgb","test",2.11594785292494,0.0251750114420661,"2023-08-06 01:21:07"
"BTC","lm","holdout",0.247350519978861,0.099436833965285,"2023-08-06 01:21:07"
"BTC","lm","test",0.318004034219435,0.395685303903433,"2023-08-06 01:21:07"
"BTC","nnet","holdout",1.05775716685154,0.00593219202833499,"2023-08-06 01:21:07"
"BTC","nnet","test",1.14374237722777,0.122118215421424,"2023-08-06 01:21:07"
"BTC","pcr","holdout",0.222152254364095,0.0158676454102385,"2023-08-06 01:21:07"
"BTC","pcr","test",0.430639902106997,0.20156887758996,"2023-08-06 01:21:07"
"BTC","rf","holdout",0.293319599980807,0.350821140892223,"2023-08-06 01:21:07"
"BTC","rf","test",0.427814749924354,0.0640067849849919,"2023-08-06 01:21:07"
"BTC","xgb","holdout",0.267472290434875,0.0564813803321729,"2023-08-06 01:21:07"
"BTC","xgb","test",0.718663751609481,0.0188960329816424,"2023-08-06 01:21:07"
"BTG","lm","holdout",2.65947620636668,0.0647633795921342,"2023-08-06 01:21:07"
"BTG","lm","test",2.02054742149246,0.217974237745287,"2023-08-06 01:21:07"
"BTG","nnet","holdout",1.50951867042993,0.0113951536717978,"2023-08-06 01:21:07"
"BTG","nnet","test",2.46241208303869,0.188103902075948,"2023-08-06 01:21:07"
"BTG","pcr","holdout",1.56735404657594,0.0217312073937883,"2023-08-06 01:21:07"
"BTG","pcr","test",1.63224962617636,0.313078282412104,"2023-08-06 01:21:07"
"BTG","rf","holdout",5.49555255079038,0.00253866893481672,"2023-08-06 01:21:07"
"BTG","rf","test",2.08611710735945,0.129688951179538,"2023-08-06 01:21:07"
"BTG","xgb","holdout",3.18877284657557,0.0215520789349291,"2023-08-06 01:21:07"
"BTG","xgb","test",3.14419086382842,0.111256332801604,"2023-08-06 01:21:07"
"CHZ","lm","holdout",0.446592383686417,0.0122970477865586,"2023-08-06 01:21:07"
"CHZ","lm","test",1.59094733443741,0.30396387191326,"2023-08-06 01:21:07"
"CHZ","nnet","holdout",0.516487097146764,0.0000684313996967118,"2023-08-06 01:21:07"
"CHZ","nnet","test",1.18996007763861,0.151488089026095,"2023-08-06 01:21:07"
"CHZ","pcr","holdout",0.313201328130086,0.00601689374243691,"2023-08-06 01:21:07"
"CHZ","pcr","test",0.734597460392503,0.121358076575917,"2023-08-06 01:21:07"
"CHZ","rf","holdout",0.634822558239576,0.00429773363277231,"2023-08-06 01:21:07"
"CHZ","rf","test",0.929996572509272,0.114785844703789,"2023-08-06 01:21:07"
"CHZ","xgb","holdout",0.672276477997887,0.0179077507040133,"2023-08-06 01:21:07"
"CHZ","xgb","test",0.925842029961513,0.00649497780102465,"2023-08-06 01:21:07"
"CTC","lm","holdout",3.09259310437929,0.573856010112358,"2023-08-06 01:21:07"
"CTC","lm","test",2.7456858443609,0.285802469376853,"2023-08-06 01:21:07"
"CTC","nnet","holdout",2.74124703538896,0.284924110936253,"2023-08-06 01:21:07"
"CTC","nnet","test",3.65886837670204,0.247200531104131,"2023-08-06 01:21:07"
"CTC","pcr","holdout",2.94937128373324,0.270326254296024,"2023-08-06 01:21:07"
"CTC","pcr","test",2.36508312154925,0.390598988292382,"2023-08-06 01:21:07"
"CTC","rf","holdout",2.70029285689272,0.28375918391663,"2023-08-06 01:21:07"
"CTC","rf","test",5.57677792100421,0.0293260414033661,"2023-08-06 01:21:07"
"CTC","xgb","holdout",13.789761836875,0.0199172493069569,"2023-08-06 01:21:07"
"CTC","xgb","test",4.47736921833857,0.159724367960193,"2023-08-06 01:21:07"
"DASH","lm","holdout",0.540102331329469,0.390712238849083,"2023-08-06 01:21:07"
"DASH","lm","test",1.82022283585102,0.122462781525119,"2023-08-06 01:21:07"
"DASH","nnet","holdout",0.964385434972369,0.559521526323162,"2023-08-06 01:21:07"
"DASH","nnet","test",1.23612617217211,0.0317492674738978,"2023-08-06 01:21:07"
"DASH","pcr","holdout",0.502081201298926,0.570698576575853,"2023-08-06 01:21:07"
"DASH","pcr","test",0.785121894537294,0.0600872526989069,"2023-08-06 01:21:07"
"DASH","rf","holdout",0.548649260936117,0.178936282702878,"2023-08-06 01:21:07"
"DASH","rf","test",1.25204624613888,0.0518300264957649,"2023-08-06 01:21:07"
"DASH","xgb","holdout",1.36088338526139,0.00886426110488824,"2023-08-06 01:21:07"
"DASH","xgb","test",1.81850694574604,0.0459981879251304,"2023-08-06 01:21:07"
"DOT","lm","holdout",0.219766168975148,0.463478151219468,"2023-08-06 01:21:07"
"DOT","lm","test",0.926416753283902,0.271758389197788,"2023-08-06 01:21:07"
"DOT","nnet","holdout",1.42058660040802,0.0639856632723089,"2023-08-06 01:21:07"
"DOT","nnet","test",1.24430111382506,0.187598494542479,"2023-08-06 01:21:07"
"DOT","pcr","holdout",0.342809660259473,0.00245239983557728,"2023-08-06 01:21:07"
"DOT","pcr","test",0.684580919774304,0.190964974520383,"2023-08-06 01:21:07"
"DOT","rf","holdout",0.49977874664647,0.0000306477438308857,"2023-08-06 01:21:07"
"DOT","rf","test",0.892401575952362,0.16546638792192,"2023-08-06 01:21:07"
"DOT","xgb","holdout",0.277304705565302,0.0776276261705475,"2023-08-06 01:21:07"
"DOT","xgb","test",1.54839930037794,0.0733776130954428,"2023-08-06 01:21:07"
"DYDX","lm","holdout",0.477496435310104,0.807959245857237,"2023-08-06 01:21:07"
"DYDX","lm","test",1.58530795846828,0.191275480861264,"2023-08-06 01:21:07"
"DYDX","nnet","holdout",1.37087814336016,0.294305940893393,"2023-08-06 01:21:07"
"DYDX","nnet","test",1.16029886920138,0.0313517549540774,"2023-08-06 01:21:07"
"DYDX","pcr","holdout",0.674295124523903,0.53492610062835,"2023-08-06 01:21:07"
"DYDX","pcr","test",0.840346788819056,0.0740880541575449,"2023-08-06 01:21:07"
"DYDX","rf","holdout",0.987108357848459,0.215161352551604,"2023-08-06 01:21:07"
"DYDX","rf","test",0.932535263705107,0.0116374243531947,"2023-08-06 01:21:07"
"DYDX","xgb","holdout",0.707720715866243,0.585207409337249,"2023-08-06 01:21:07"
"DYDX","xgb","test",1.38641355411547,0.019316571582262,"2023-08-06 01:21:07"
"ELF","lm","holdout",0.330212530971769,0.356134432359464,"2023-08-06 01:21:07"
"ELF","lm","test",2.1376355873293,0.686117186068916,"2023-08-06 01:21:07"
"ELF","nnet","holdout",0.492245957334484,0.00428791324626144,"2023-08-06 01:21:07"
"ELF","nnet","test",2.10175921484978,0.284462284529475,"2023-08-06 01:21:07"
"ELF","pcr","holdout",0.395121534311192,0.000166533330079767,"2023-08-06 01:21:07"
"ELF","pcr","test",1.91094622846724,0.475721952401111,"2023-08-06 01:21:07"
"ELF","rf","holdout",0.40531963096868,0.0147420855403113,"2023-08-06 01:21:07"
"ELF","rf","test",1.75717409494218,0.447135498369371,"2023-08-06 01:21:07"
"ELF","xgb","holdout",0.413875073887271,0.0244542353880674,"2023-08-06 01:21:07"
"ELF","xgb","test",2.67434466424083,0.178054570807576,"2023-08-06 01:21:07"
"ENJ","lm","holdout",0.29316359626747,0.355531042857718,"2023-08-06 01:21:07"
"ENJ","lm","test",0.841523698759608,0.216515652143959,"2023-08-06 01:21:07"
"ENJ","nnet","holdout",0.608962205278232,0.000691335269662914,"2023-08-06 01:21:07"
"ENJ","nnet","test",0.957602231937577,0.16228146437132,"2023-08-06 01:21:07"
"ENJ","pcr","holdout",0.357192960311428,0.0549558889276305,"2023-08-06 01:21:07"
"ENJ","pcr","test",0.807470291864005,0.176227720860418,"2023-08-06 01:21:07"
"ENJ","rf","holdout",0.469066235186538,0.000147712143358921,"2023-08-06 01:21:07"
"ENJ","rf","test",1.18206454369189,0.108803831691737,"2023-08-06 01:21:07"
"ENJ","xgb","holdout",0.514697926693979,0.0130021589253989,"2023-08-06 01:21:07"
"ENJ","xgb","test",1.42252351941442,0.0219994563002464,"2023-08-06 01:21:07"
"EOS","lm","holdout",0.332556204850345,0.377829685061818,"2023-08-06 01:21:07"
"EOS","lm","test",1.93895669595837,0.330312143868326,"2023-08-06 01:21:07"
"EOS","nnet","holdout",0.873471036160628,0.0348862542139472,"2023-08-06 01:21:07"
"EOS","nnet","test",1.03691222400739,0.132658164270287,"2023-08-06 01:21:07"
"EOS","pcr","holdout",0.401610308466418,0.0933207514315457,"2023-08-06 01:21:07"
"EOS","pcr","test",0.818916351937336,0.168071967977392,"2023-08-06 01:21:07"
"EOS","rf","holdout",0.754155131570541,0.0735215383829674,"2023-08-06 01:21:07"
"EOS","rf","test",1.221952350531,0.0881923144174945,"2023-08-06 01:21:07"
"EOS","xgb","holdout",0.761651430407987,0.0000902551761148884,"2023-08-06 01:21:07"
"EOS","xgb","test",1.31027833943664,0.0636479003940915,"2023-08-06 01:21:07"
"ETH","lm","holdout",0.219258954781819,0.109688924988776,"2023-08-06 01:21:07"
"ETH","lm","test",0.392166962882334,0.483053907110777,"2023-08-06 01:21:07"
"ETH","nnet","holdout",1.17763587675643,0.0180011017461102,"2023-08-06 01:21:07"
"ETH","nnet","test",1.34023712579637,0.11266032795136,"2023-08-06 01:21:07"
"ETH","pcr","holdout",0.201950930481054,0.0506688421709389,"2023-08-06 01:21:07"
"ETH","pcr","test",0.479822534130526,0.186936320539578,"2023-08-06 01:21:07"
"ETH","rf","holdout",0.187851387025891,0.017978632492306,"2023-08-06 01:21:07"
"ETH","rf","test",0.784836165018484,0.174536384065276,"2023-08-06 01:21:07"
"ETH","xgb","holdout",0.281312400445277,0.00320866649047203,"2023-08-06 01:21:07"
"ETH","xgb","test",0.87049364888329,0.14312086739296,"2023-08-06 01:21:07"
"ETHW","lm","holdout",0.406880468349425,0.116188873677187,"2023-08-06 01:21:07"
"ETHW","lm","test",1.44789892518159,0.126431827023002,"2023-08-06 01:21:07"
"ETHW","nnet","holdout",0.411845037339308,0.00195911058613409,"2023-08-06 01:21:07"
"ETHW","nnet","test",1.70363185166899,0.0916048275392036,"2023-08-06 01:21:07"
"ETHW","pcr","holdout",0.411191106262751,0.0101463999074127,"2023-08-06 01:21:07"
"ETHW","pcr","test",0.845504444885168,0.200659864384101,"2023-08-06 01:21:07"
"ETHW","rf","holdout",0.642004640910457,0.0269007450586106,"2023-08-06 01:21:07"
"ETHW","rf","test",2.21131049692611,0.0753585397639981,"2023-08-06 01:21:07"
"ETHW","xgb","holdout",0.784523571163253,0.00131347792707843,"2023-08-06 01:21:07"
"ETHW","xgb","test",2.26002814467202,0.00650252022940433,"2023-08-06 01:21:07"
"GMT","lm","holdout",0.547094915755214,0.00702721681589083,"2023-08-06 01:21:07"
"GMT","lm","test",1.36747576801718,0.212351313797658,"2023-08-06 01:21:07"
"GMT","nnet","holdout",0.47822457119584,0.146801587237984,"2023-08-06 01:21:07"
"GMT","nnet","test",1.08819315551573,0.117214435959101,"2023-08-06 01:21:07"
"GMT","pcr","holdout",0.720008100267839,0.144725591998356,"2023-08-06 01:21:07"
"GMT","pcr","test",0.915633862749517,0.115496617198541,"2023-08-06 01:21:07"
"GMT","rf","holdout",0.912046917358444,0.0180470127746268,"2023-08-06 01:21:07"
"GMT","rf","test",1.24442482200811,0.113673089499248,"2023-08-06 01:21:07"
"GMT","xgb","holdout",1.10275359789993,0.000186343350272601,"2023-08-06 01:21:07"
"GMT","xgb","test",2.35736963161735,0.0307274979029935,"2023-08-06 01:21:07"
"GMTT","lm","holdout",1.25126167536403,0.246322155352939,"2023-08-06 01:21:07"
"GMTT","lm","test",26.8332410408723,0.174319775771176,"2023-08-06 01:21:07"
"GMTT","nnet","holdout",0.8422111606106,0.396282810159973,"2023-08-06 01:21:07"
"GMTT","nnet","test",33.2797600870789,0.0175262352487052,"2023-08-06 01:21:07"
"GMTT","pcr","holdout",0.407089348240485,0.365093678559725,"2023-08-06 01:21:07"
"GMTT","pcr","test",32.1651805178905,0.190067913061428,"2023-08-06 01:21:07"
"GMTT","rf","holdout",0.327524783351177,0.191327797745114,"2023-08-06 01:21:07"
"GMTT","rf","test",30.9227253277676,0.015602042895215,"2023-08-06 01:21:07"
"GMTT","xgb","holdout",0.357846545546829,0.0895102587784191,"2023-08-06 01:21:07"
"GMTT","xgb","test",37.1549911931109,0.0568875375976114,"2023-08-06 01:21:07"
"GODS","lm","holdout",5.1730495858015,0.754076437014851,"2023-08-06 01:21:07"
"GODS","lm","test",2.24128701658655,0.549062112460711,"2023-08-06 01:21:07"
"GODS","nnet","holdout",4.46514852663781,0.599230292652906,"2023-08-06 01:21:07"
"GODS","nnet","test",1.96355201497494,0.166337009465485,"2023-08-06 01:21:07"
"GODS","pcr","holdout",4.15537210398533,0.681285244989673,"2023-08-06 01:21:07"
"GODS","pcr","test",1.14366039031572,0.245524666996929,"2023-08-06 01:21:07"
"GODS","rf","holdout",4.0967334392182,0.0785173487602331,"2023-08-06 01:21:07"
"GODS","rf","test",1.64701798363789,0.0502621147646959,"2023-08-06 01:21:07"
"GODS","xgb","holdout",4.20456763624678,0.0200002669179971,"2023-08-06 01:21:07"
"GODS","xgb","test",2.41482842164064,0.0579497782375072,"2023-08-06 01:21:07"
"HT","lm","holdout",0.192898157694296,0.579847672597714,"2023-08-06 01:21:07"
"HT","lm","test",0.855957495697219,0.138280918051464,"2023-08-06 01:21:07"
"HT","nnet","holdout",1.05242567885021,0.000506083005731787,"2023-08-06 01:21:07"
"HT","nnet","test",1.1383201022208,0.126233773948115,"2023-08-06 01:21:07"
"HT","pcr","holdout",0.279476515545206,0.05575700632088,"2023-08-06 01:21:07"
"HT","pcr","test",0.357409313568719,0.258747696180574,"2023-08-06 01:21:07"
"HT","rf","holdout",0.461316003125504,0.473332348477692,"2023-08-06 01:21:07"
"HT","rf","test",0.533607132923868,0.0808738599009986,"2023-08-06 01:21:07"
"HT","xgb","holdout",0.722773506290279,0.120438372878905,"2023-08-06 01:21:07"
"HT","xgb","test",0.505466666959756,0.118108082300641,"2023-08-06 01:21:07"
"ID","lm","holdout",0.535002643857583,0.0696744276490274,"2023-08-06 01:21:07"
"ID","lm","test",1.71388135097263,0.292250885109197,"2023-08-06 01:21:07"
"ID","nnet","holdout",0.40290479725844,0.0751291118409317,"2023-08-06 01:21:07"
"ID","nnet","test",1.84207610349885,0.219808618820573,"2023-08-06 01:21:07"
"ID","pcr","holdout",0.519409706791192,0.0789723562488281,"2023-08-06 01:21:07"
"ID","pcr","test",1.09409633583305,0.249251376764275,"2023-08-06 01:21:07"
"ID","rf","holdout",0.795343776601839,0.00044063741157239,"2023-08-06 01:21:07"
"ID","rf","test",1.85751154962731,0.0793202471578452,"2023-08-06 01:21:07"
"ID","xgb","holdout",0.693000412259926,0.0275661811319654,"2023-08-06 01:21:07"
"ID","xgb","test",2.88119311365282,0.0510238127041939,"2023-08-06 01:21:07"
"IOTA","lm","holdout",0.472791263881522,0.0065411563060316,"2023-08-06 01:21:07"
"IOTA","lm","test",0.993248800086748,0.210562829098174,"2023-08-06 01:21:07"
"IOTA","nnet","holdout",0.402194690052799,0.0209061213903163,"2023-08-06 01:21:07"
"IOTA","nnet","test",0.890833439969849,0.103575699496327,"2023-08-06 01:21:07"
"IOTA","pcr","holdout",0.548465367071867,0.021612770582126,"2023-08-06 01:21:07"
"IOTA","pcr","test",0.671978027327974,0.159745939119221,"2023-08-06 01:21:07"
"IOTA","rf","holdout",0.755679173048653,0.00202613427043621,"2023-08-06 01:21:07"
"IOTA","rf","test",0.747484756540086,0.0885277289785201,"2023-08-06 01:21:07"
"IOTA","xgb","holdout",0.807591363794147,0.00982363019193004,"2023-08-06 01:21:07"
"IOTA","xgb","test",0.932706057700998,0.0611214309105958,"2023-08-06 01:21:07"
"JST","lm","holdout",2.81436201481468,0.00435862296843122,"2023-08-06 01:21:07"
"JST","lm","test",0.604297963481525,0.442410380323614,"2023-08-06 01:21:07"
"JST","nnet","holdout",1.07021902907263,0.180591662385049,"2023-08-06 01:21:07"
"JST","nnet","test",0.809713852055995,0.0586654792919599,"2023-08-06 01:21:07"
"JST","pcr","holdout",0.369569219926803,0.136261612353448,"2023-08-06 01:21:07"
"JST","pcr","test",0.581211295449425,0.17624641660146,"2023-08-06 01:21:07"
"JST","rf","holdout",0.421413775260175,0.0814074832688739,"2023-08-06 01:21:07"
"JST","rf","test",0.857567759033652,0.119934581418491,"2023-08-06 01:21:07"
"JST","xgb","holdout",1.84412802633302,0.0220996007986848,"2023-08-06 01:21:07"
"JST","xgb","test",1.06504372253844,0.0517450389095697,"2023-08-06 01:21:07"
"KNC","lm","holdout",1.05474293413682,0.491132525139992,"2023-08-06 01:21:07"
"KNC","lm","test",1.47526159844047,0.374346555367699,"2023-08-06 01:21:07"
"KNC","nnet","holdout",1.82123293371471,0.286482986354314,"2023-08-06 01:21:07"
"KNC","nnet","test",0.899163363309638,0.108840438619148,"2023-08-06 01:21:07"
"KNC","pcr","holdout",1.24649981667702,0.528243447316917,"2023-08-06 01:21:07"
"KNC","pcr","test",0.715222452266859,0.181073759354152,"2023-08-06 01:21:07"
"KNC","rf","holdout",3.9566808449619,0.0139423473276952,"2023-08-06 01:21:07"
"KNC","rf","test",0.886285111406939,0.110868553722853,"2023-08-06 01:21:07"
"KNC","xgb","holdout",2.33624295598316,0.00367304454287171,"2023-08-06 01:21:07"
"KNC","xgb","test",1.06693494283038,0.0405322208272812,"2023-08-06 01:21:07"
"LAZIO","lm","holdout",0.416930516045078,0.291034134231738,"2023-08-06 01:21:07"
"LAZIO","lm","test",1.15150578588385,0.0887711153411579,"2023-08-06 01:21:07"
"LAZIO","nnet","holdout",0.432916404283796,0.0393885096263467,"2023-08-06 01:21:07"
"LAZIO","nnet","test",1.35799392475062,0.146791482925532,"2023-08-06 01:21:07"
"LAZIO","pcr","holdout",0.39351612930195,0.0948181269156047,"2023-08-06 01:21:07"
"LAZIO","pcr","test",0.652221340952239,0.25777001092386,"2023-08-06 01:21:07"
"LAZIO","rf","holdout",0.456864277637393,0.0271009100151401,"2023-08-06 01:21:07"
"LAZIO","rf","test",0.750837333559981,0.134446022616812,"2023-08-06 01:21:07"
"LAZIO","xgb","holdout",1.34541850470442,0.0393556268079202,"2023-08-06 01:21:07"
"LAZIO","xgb","test",1.04349458430579,0.0351659817827827,"2023-08-06 01:21:07"
"LQTY","lm","holdout",1.00663791913891,0.1299249514913,"2023-08-06 01:21:07"
"LQTY","lm","test",1.29431756400141,0.255571452203413,"2023-08-06 01:21:07"
"LQTY","nnet","holdout",1.47709741933404,0.0350251570065768,"2023-08-06 01:21:07"
"LQTY","nnet","test",1.66744130869595,0.115262932581002,"2023-08-06 01:21:07"
"LQTY","pcr","holdout",0.856755756976447,0.072006524952279,"2023-08-06 01:21:07"
"LQTY","pcr","test",1.00816043495141,0.18596203235139,"2023-08-06 01:21:07"
"LQTY","rf","holdout",3.13118731530539,0.00103843175381542,"2023-08-06 01:21:07"
"LQTY","rf","test",1.28101375292488,0.12751633714365,"2023-08-06 01:21:07"
"LQTY","xgb","holdout",2.04188924704098,0.0000020183786626075,"2023-08-06 01:21:07"
"LQTY","xgb","test",1.28595628469437,0.101877510461749,"2023-08-06 01:21:07"
"LTC","lm","holdout",1.53452146964026,0.0978634752991375,"2023-08-06 01:21:07"
"LTC","lm","test",0.833296405054282,0.422008275765067,"2023-08-06 01:21:07"
"LTC","nnet","holdout",2.14188754622635,0.134394389892014,"2023-08-06 01:21:07"
"LTC","nnet","test",1.27870812793689,0.105966868694927,"2023-08-06 01:21:07"
"LTC","pcr","holdout",0.569468520942885,0.429297987016391,"2023-08-06 01:21:07"
"LTC","pcr","test",0.726144776539214,0.137655182220297,"2023-08-06 01:21:07"
"LTC","rf","holdout",1.7737101907031,0.105982439606043,"2023-08-06 01:21:07"
"LTC","rf","test",0.725148345748023,0.0946332997287871,"2023-08-06 01:21:07"
"LTC","xgb","holdout",2.96648160180992,0.0306495062380004,"2023-08-06 01:21:07"
"LTC","xgb","test",1.09582884161648,0.0221427390466183,"2023-08-06 01:21:07"
"MANA","lm","holdout",0.212127961667032,0.692821217381527,"2023-08-06 01:21:07"
"MANA","lm","test",0.899249821002619,0.319792587415525,"2023-08-06 01:21:07"
"MANA","nnet","holdout",0.545833800574665,0.00264294494042243,"2023-08-06 01:21:07"
"MANA","nnet","test",1.04245723475709,0.132041943209836,"2023-08-06 01:21:07"
"MANA","pcr","holdout",0.338437327453954,0.0793272834554124,"2023-08-06 01:21:07"
"MANA","pcr","test",0.767824665314571,0.122559653425018,"2023-08-06 01:21:07"
"MANA","rf","holdout",0.351955177725627,0.00271285994866551,"2023-08-06 01:21:07"
"MANA","rf","test",1.41928401088071,0.0630061134248658,"2023-08-06 01:21:07"
"MANA","xgb","holdout",0.347886270087642,0.0488492775710413,"2023-08-06 01:21:07"
"MANA","xgb","test",1.62747805492136,0.0275941383393981,"2023-08-06 01:21:07"
"OXT","lm","holdout",1.25504475274324,0.0433864815060939,"2023-08-06 01:21:07"
"OXT","lm","test",0.648123883450399,0.649205782003351,"2023-08-06 01:21:07"
"OXT","nnet","holdout",1.21255288181007,0.0775794976214037,"2023-08-06 01:21:07"
"OXT","nnet","test",1.57029945458859,0.209585200147459,"2023-08-06 01:21:07"
"OXT","pcr","holdout",1.25087837832448,0.0829945047787042,"2023-08-06 01:21:07"
"OXT","pcr","test",1.02466699104042,0.294157155559407,"2023-08-06 01:21:07"
"OXT","rf","holdout",1.50960198274644,0.00372002409261926,"2023-08-06 01:21:07"
"OXT","rf","test",1.1423412302158,0.346648672641343,"2023-08-06 01:21:07"
"OXT","xgb","holdout",1.37725281010161,0.0403829814741031,"2023-08-06 01:21:07"
"OXT","xgb","test",2.13445950328598,0.301850376298084,"2023-08-06 01:21:07"
"PERP","lm","holdout",0.370083199269517,0.436895203142522,"2023-08-06 01:21:07"
"PERP","lm","test",1.19128316535181,0.304877427721155,"2023-08-06 01:21:07"
"PERP","nnet","holdout",0.559404090437037,0.0247067894186475,"2023-08-06 01:21:07"
"PERP","nnet","test",1.26208581340147,0.110432236274086,"2023-08-06 01:21:07"
"PERP","pcr","holdout",0.465860106536146,0.12549793031318,"2023-08-06 01:21:07"
"PERP","pcr","test",0.870678268909997,0.0461965350005499,"2023-08-06 01:21:07"
"PERP","rf","holdout",0.585467593052912,0.0310676991064669,"2023-08-06 01:21:07"
"PERP","rf","test",1.66648008309314,0.0630015706128059,"2023-08-06 01:21:07"
"PERP","xgb","holdout",0.96521970077171,0.0270094838272931,"2023-08-06 01:21:07"
"PERP","xgb","test",1.77306576796589,0.0472382425862062,"2023-08-06 01:21:07"
"REN","lm","holdout",0.452840231982959,0.0807548984081108,"2023-08-06 01:21:07"
"REN","lm","test",1.16246154857131,0.401518754036872,"2023-08-06 01:21:07"
"REN","nnet","holdout",0.496490267787608,0.00473135265575804,"2023-08-06 01:21:07"
"REN","nnet","test",1.66542506454654,0.105687212337887,"2023-08-06 01:21:07"
"REN","pcr","holdout",0.522644495458616,0.00508732343562498,"2023-08-06 01:21:07"
"REN","pcr","test",1.028763169981,0.170963009633873,"2023-08-06 01:21:07"
"REN","rf","holdout",0.538415598692836,0.00530398278176871,"2023-08-06 01:21:07"
"REN","rf","test",1.38704840839847,0.111155891082839,"2023-08-06 01:21:07"
"REN","xgb","holdout",0.567202773229966,0.000911418173020952,"2023-08-06 01:21:07"
"REN","xgb","test",1.39172986039672,0.178804822430742,"2023-08-06 01:21:07"
"RIF","lm","holdout",0.586139125517368,0.53259343938101,"2023-08-06 01:21:07"
"RIF","lm","test",3.97144114174476,0.35907999915779,"2023-08-06 01:21:07"
"RIF","nnet","holdout",0.801550503072899,0.148273282167019,"2023-08-06 01:21:07"
"RIF","nnet","test",4.68262104064158,0.154002464524133,"2023-08-06 01:21:07"
"RIF","pcr","holdout",0.638174411490729,0.445227573133427,"2023-08-06 01:21:07"
"RIF","pcr","test",3.97992497009649,0.354490648405249,"2023-08-06 01:21:07"
"RIF","rf","holdout",0.768875661693861,0.120171041398974,"2023-08-06 01:21:07"
"RIF","rf","test",3.27293944100005,0.391909223098337,"2023-08-06 01:21:07"
"RIF","xgb","holdout",1.037930174944,0.0359456057046673,"2023-08-06 01:21:07"
"RIF","xgb","test",5.8283464549345,0.0845772938876658,"2023-08-06 01:21:07"
"SKL","lm","holdout",0.74507014372401,0.245127053602839,"2023-08-06 01:21:07"
"SKL","lm","test",1.09911948636866,0.356585947435198,"2023-08-06 01:21:07"
"SKL","nnet","holdout",1.25391424281107,0.20359743985914,"2023-08-06 01:21:07"
"SKL","nnet","test",1.08935108583628,0.194037163094787,"2023-08-06 01:21:07"
"SKL","pcr","holdout",0.659629844648535,0.3857192740633,"2023-08-06 01:21:07"
"SKL","pcr","test",0.824643572854763,0.288549310379057,"2023-08-06 01:21:07"
"SKL","rf","holdout",1.8111955095452,0.0121204808411605,"2023-08-06 01:21:07"
"SKL","rf","test",0.884520962622151,0.191119508498138,"2023-08-06 01:21:07"
"SKL","xgb","holdout",1.21676382493743,0.000145147760421583,"2023-08-06 01:21:07"
"SKL","xgb","test",1.13624782943561,0.0762925943829707,"2023-08-06 01:21:07"
"STETH","lm","holdout",0.221182782001529,0.196348226030387,"2023-08-06 01:21:07"
"STETH","lm","test",0.475507567530547,0.458669388877502,"2023-08-06 01:21:07"
"STETH","nnet","holdout",1.2303800041204,0.000755633052522637,"2023-08-06 01:21:07"
"STETH","nnet","test",1.21826893963746,0.126303846750045,"2023-08-06 01:21:07"
"STETH","pcr","holdout",0.235407384038257,0.0690923384340357,"2023-08-06 01:21:07"
"STETH","pcr","test",0.562029418865894,0.184864276682993,"2023-08-06 01:21:07"
"STETH","rf","holdout",0.337486126003331,0.0642496684150169,"2023-08-06 01:21:07"
"STETH","rf","test",0.816083641667748,0.126381332911444,"2023-08-06 01:21:07"
"STETH","xgb","holdout",0.35399054345891,0.0368607321459499,"2023-08-06 01:21:07"
"STETH","xgb","test",1.0090952177443,0.0274833057789235,"2023-08-06 01:21:07"
"THETA","lm","holdout",0.366539644580318,0.642007844260245,"2023-08-06 01:21:07"
"THETA","lm","test",1.17933301593687,0.224667234192893,"2023-08-06 01:21:07"
"THETA","nnet","holdout",1.83686467972522,0.166442697215641,"2023-08-06 01:21:07"
"THETA","nnet","test",1.02343022050236,0.110799138000051,"2023-08-06 01:21:07"
"THETA","pcr","holdout",0.476963884795516,0.0769888330132556,"2023-08-06 01:21:07"
"THETA","pcr","test",0.815207427521497,0.116967021153258,"2023-08-06 01:21:07"
"THETA","rf","holdout",0.452532660794468,0.185335616065459,"2023-08-06 01:21:07"
"THETA","rf","test",1.16677487689735,0.0924317452900879,"2023-08-06 01:21:07"
"THETA","xgb","holdout",0.526562893351469,0.00148702807923809,"2023-08-06 01:21:07"
"THETA","xgb","test",1.35897183617109,0.00550297030464746,"2023-08-06 01:21:07"
"TOMO","lm","holdout",1.16215569028252,0.128401538044118,"2023-08-06 01:21:07"
"TOMO","lm","test",1.45208837500733,0.197443595040721,"2023-08-06 01:21:07"
"TOMO","nnet","holdout",1.03102874805144,0.170531412758996,"2023-08-06 01:21:07"
"TOMO","nnet","test",2.1340665318705,0.11069700703877,"2023-08-06 01:21:07"
"TOMO","pcr","holdout",1.12022090156821,0.0577741163829329,"2023-08-06 01:21:07"
"TOMO","pcr","test",1.52701585055214,0.0562127539707295,"2023-08-06 01:21:07"
"TOMO","rf","holdout",1.13773132922718,0.176946453756092,"2023-08-06 01:21:07"
"TOMO","rf","test",1.49098839666279,0.108092196495003,"2023-08-06 01:21:07"
"TOMO","xgb","holdout",2.69071618604407,0.0144635246154856,"2023-08-06 01:21:07"
"TOMO","xgb","test",2.75603405707755,0.0189254197641146,"2023-08-06 01:21:07"
"TRX","lm","holdout",0.344560111257181,0.746888172174251,"2023-08-06 01:21:07"
"TRX","lm","test",0.754417751567967,0.42112653135398,"2023-08-06 01:21:07"
"TRX","nnet","holdout",0.301982885165389,0.150448627949237,"2023-08-06 01:21:07"
"TRX","nnet","test",1.1593984878419,0.132009660568803,"2023-08-06 01:21:07"
"TRX","pcr","holdout",0.280380043972434,0.188578936834829,"2023-08-06 01:21:07"
"TRX","pcr","test",0.637586893790628,0.331750599642155,"2023-08-06 01:21:07"
"TRX","rf","holdout",0.379964183683882,0.0191087105454988,"2023-08-06 01:21:07"
"TRX","rf","test",0.743978257865087,0.120871369999981,"2023-08-06 01:21:07"
"TRX","xgb","holdout",0.313365975586582,0.124968374843459,"2023-08-06 01:21:07"
"TRX","xgb","test",1.27664135125181,0.0410726895290873,"2023-08-06 01:21:07"
"VGX","lm","holdout",0.941276688872661,0.40709901207388,"2023-08-06 01:21:07"
"VGX","lm","test",4.32321860135478,0.15321613367517,"2023-08-06 01:21:07"
"VGX","nnet","holdout",1.77243157594244,0.262208916439549,"2023-08-06 01:21:07"
"VGX","nnet","test",6.37912372503425,0.0980998726779718,"2023-08-06 01:21:07"
"VGX","pcr","holdout",1.26232081911212,0.038837494807379,"2023-08-06 01:21:07"
"VGX","pcr","test",4.59865665870217,0.128008815395312,"2023-08-06 01:21:07"
"VGX","rf","holdout",3.54228656556779,0.00000390111751731962,"2023-08-06 01:21:07"
"VGX","rf","test",5.66741405491709,0.0568131963704863,"2023-08-06 01:21:07"
"VGX","xgb","holdout",2.34829011400862,0.0228982350290583,"2023-08-06 01:21:07"
"VGX","xgb","test",6.68826329551773,0.0697015969450164,"2023-08-06 01:21:07"
"XCH","lm","holdout",0.373430642696688,0.0235076711407837,"2023-08-06 01:21:07"
"XCH","lm","test",16.605535096635,0.220092233699542,"2023-08-06 01:21:07"
"XCH","nnet","holdout",1.36982457645474,0.123364239218736,"2023-08-06 01:21:07"
"XCH","nnet","test",1.5362606008941,0.110169384629005,"2023-08-06 01:21:07"
"XCH","pcr","holdout",0.295631478951396,0.0828376999501566,"2023-08-06 01:21:07"
"XCH","pcr","test",0.636914106628806,0.173025693762124,"2023-08-06 01:21:07"
"XCH","rf","holdout",0.480861416284058,0.0118934100711834,"2023-08-06 01:21:07"
"XCH","rf","test",2.83517710881702,0.0742632404670396,"2023-08-06 01:21:07"
"XCH","xgb","holdout",0.4626667111373,0.0656370832421491,"2023-08-06 01:21:07"
"XCH","xgb","test",0.900466874909728,0.088120662158097,"2023-08-06 01:21:07"
"XDC","lm","holdout",3.24358917961159,0.679935610374303,"2023-08-06 01:21:07"
"XDC","lm","test",4.2968152233786,0.35833326725413,"2023-08-06 01:21:07"
"XDC","nnet","holdout",4.5697189234214,0.230993393148226,"2023-08-06 01:21:07"
"XDC","nnet","test",5.87618297633007,0.110501604670435,"2023-08-06 01:21:07"
"XDC","pcr","holdout",4.65774348496534,0.214352373980276,"2023-08-06 01:21:07"
"XDC","pcr","test",4.69743862370694,0.154749874399321,"2023-08-06 01:21:07"
"XDC","rf","holdout",5.89293376494709,0.0447409195455624,"2023-08-06 01:21:07"
"XDC","rf","test",5.46095813398218,0.216749213682891,"2023-08-06 01:21:07"
"XDC","xgb","holdout",8.70398791134132,0.0158837522370889,"2023-08-06 01:21:07"
"XDC","xgb","test",5.68108491110497,0.112916578911253,"2023-08-06 01:21:07"
"XEM","lm","holdout",0.23082910106077,0.721684752375842,"2023-08-06 01:21:07"
"XEM","lm","test",1.00140360909643,0.297686112665925,"2023-08-06 01:21:07"
"XEM","nnet","holdout",1.42263833437856,0.00246844757411609,"2023-08-06 01:21:07"
"XEM","nnet","test",1.35221380200596,0.159697511710195,"2023-08-06 01:21:07"
"XEM","pcr","holdout",0.380312662670028,0.149837401929441,"2023-08-06 01:21:07"
"XEM","pcr","test",0.713145020739288,0.169677056279023,"2023-08-06 01:21:07"
"XEM","rf","holdout",0.4020440268566,0.00199353288734736,"2023-08-06 01:21:07"
"XEM","rf","test",0.781189000161868,0.119764133878637,"2023-08-06 01:21:07"
"XEM","xgb","holdout",0.748612210725437,0.0527503270197242,"2023-08-06 01:21:07"
"XEM","xgb","test",1.03004255474767,0.123422385880948,"2023-08-06 01:21:07"
"XMR","lm","holdout",0.254508345342092,0.471048707649818,"2023-08-06 01:21:07"
"XMR","lm","test",0.697359353305119,0.273176280158318,"2023-08-06 01:21:07"
"XMR","nnet","holdout",1.53385229064153,0.15080355554743,"2023-08-06 01:21:07"
"XMR","nnet","test",2.49869665455431,0.309302659998041,"2023-08-06 01:21:07"
"XMR","pcr","holdout",0.293208294946145,0.296396410739282,"2023-08-06 01:21:07"
"XMR","pcr","test",0.713216106942768,0.350254935769609,"2023-08-06 01:21:07"
"XMR","rf","holdout",0.324677241307702,0.139604499182706,"2023-08-06 01:21:07"
"XMR","rf","test",0.890657521783561,0.193762344862579,"2023-08-06 01:21:07"
"XMR","xgb","holdout",0.439010835145519,0.0059202688114268,"2023-08-06 01:21:07"
"XMR","xgb","test",0.922249403157299,0.0630308953619112,"2023-08-06 01:21:07"
"ZEC","lm","holdout",0.555667554876821,0.0648139623006122,"2023-08-06 01:21:07"
"ZEC","lm","test",1.60533773651007,0.312500981761533,"2023-08-06 01:21:07"
"ZEC","nnet","holdout",1.28901908869751,0.098111223436744,"2023-08-06 01:21:07"
"ZEC","nnet","test",1.83777930302496,0.108067270711353,"2023-08-06 01:21:07"
"ZEC","pcr","holdout",0.581645386280138,0.100294505909298,"2023-08-06 01:21:07"
"ZEC","pcr","test",0.877588479150104,0.110210304113717,"2023-08-06 01:21:07"
"ZEC","rf","holdout",0.567548002256612,0.0992623724687876,"2023-08-06 01:21:07"
"ZEC","rf","test",2.14701263439857,0.0755961519234905,"2023-08-06 01:21:07"
"ZEC","xgb","holdout",0.62356398596641,0.0511303679713091,"2023-08-06 01:21:07"
"ZEC","xgb","test",1.51977579883939,0.0824276641138939,"2023-08-06 01:21:07"
"ZRX","lm","holdout",0.331462503440846,0.716669422736176,"2023-08-06 01:21:07"
"ZRX","lm","test",1.16977320934683,0.191322213154755,"2023-08-06 01:21:07"
"ZRX","nnet","holdout",0.765774689767903,0.161959711999292,"2023-08-06 01:21:07"
"ZRX","nnet","test",1.19051742177474,0.0944453963715375,"2023-08-06 01:21:07"
"ZRX","pcr","holdout",0.489183108301609,0.349159519166563,"2023-08-06 01:21:07"
"ZRX","pcr","test",0.880522237751056,0.113169737295481,"2023-08-06 01:21:07"
"ZRX","rf","holdout",0.847897339022599,0.030294339985549,"2023-08-06 01:21:07"
"ZRX","rf","test",0.884681833973151,0.0793527853753307,"2023-08-06 01:21:07"
"ZRX","xgb","holdout",1.2504831760229,0.0573487893084554,"2023-08-06 01:21:07"
"ZRX","xgb","test",1.26363331614705,0.056605590358004,"2023-08-06 01:21:07"
